{"cameraMode":{"drawMode":0,"name":"Shaded","section":"Shading Mode"},"sceneLighting":true,"audioPlay":false,"sceneViewState":{"m_AlwaysRefresh":false,"showFog":true,"showSkybox":true,"showFlares":true,"showImageEffects":true,"showParticleSystems":true,"showVisualEffectGraphs":true,"m_FxEnabled":true},"in2DMode":false,"pivot":{"x":-44.47691345214844,"y":1.176027536392212,"z":26.38358497619629},"rotation":{"x":0.10915029793977738,"y":-0.8483076691627502,"z":0.19327880442142487,"w":0.48095330595970156},"size":1.8073949813842774,"orthographic":false}