{"cameraMode":{"drawMode":0,"name":"Shaded","section":"Shading Mode"},"sceneLighting":true,"audioPlay":false,"sceneViewState":{"m_AlwaysRefresh":false,"showFog":true,"showSkybox":true,"showFlares":true,"showImageEffects":true,"showParticleSystems":true,"showVisualEffectGraphs":true,"m_FxEnabled":true},"in2DMode":false,"pivot":{"x":-73.27312469482422,"y":-38.27027893066406,"z":194.19052124023438},"rotation":{"x":-0.11868171393871308,"y":0.41558822989463808,"z":-0.05074313282966614,"w":-0.9010556936264038},"size":100.03646087646485,"orthographic":false}