{"cameraMode":{"drawMode":0,"name":"Shaded","section":"Shading Mode"},"sceneLighting":false,"audioPlay":false,"sceneViewState":{"m_AlwaysRefresh":false,"showFog":true,"showSkybox":false,"showFlares":true,"showImageEffects":true,"showParticleSystems":true,"showVisualEffectGraphs":true,"m_FxEnabled":true},"in2DMode":false,"pivot":{"x":46.69801330566406,"y":-13.463510513305664,"z":-108.58150482177735},"rotation":{"x":0.0030051167123019697,"y":-0.996065616607666,"z":0.045215293765068057,"w":0.08107704669237137},"size":86.21987915039063,"orthographic":false}