{"cameraMode":{"drawMode":0,"name":"Shaded","section":"Shading Mode"},"sceneLighting":false,"audioPlay":false,"sceneViewState":{"m_AlwaysRefresh":false,"showFog":true,"showSkybox":false,"showFlares":true,"showImageEffects":true,"showParticleSystems":true,"showVisualEffectGraphs":true,"m_FxEnabled":true},"in2DMode":false,"pivot":{"x":0.06426025927066803,"y":-0.07174524664878845,"z":-0.007080916315317154},"rotation":{"x":-0.060935113579034808,"y":0.9347714185714722,"z":-0.28948113322257998,"w":-0.19687208533287049},"size":0.2661040127277374,"orthographic":true}