{"cameraMode":{"drawMode":0,"name":"Shaded","section":"Shading Mode"},"sceneLighting":false,"audioPlay":false,"sceneViewState":{"m_AlwaysRefresh":false,"showFog":true,"showSkybox":false,"showFlares":true,"showImageEffects":true,"showParticleSystems":true,"showVisualEffectGraphs":true,"m_FxEnabled":true},"in2DMode":false,"pivot":{"x":0.06426025927066803,"y":-0.07174524664878845,"z":-0.007080916315317154},"rotation":{"x":0.001814099377952516,"y":0.6783512234687805,"z":-0.7347795367240906,"w":0.0016219982644543052},"size":0.16903530061244965,"orthographic":true}