{"cameraMode":{"drawMode":0,"name":"Shaded","section":"Shading Mode"},"sceneLighting":false,"audioPlay":false,"sceneViewState":{"m_AlwaysRefresh":false,"showFog":true,"showSkybox":false,"showFlares":true,"showImageEffects":true,"showParticleSystems":true,"showVisualEffectGraphs":true,"m_FxEnabled":true},"in2DMode":false,"pivot":{"x":0.006923418026417494,"y":-0.08086684346199036,"z":-0.003340223804116249},"rotation":{"x":0.0017062074039131404,"y":0.7232652902603149,"z":-0.6906136274337769,"w":0.001735007157549262},"size":0.17309735715389253,"orthographic":true}