{"cameraMode":{"drawMode":0,"name":"Shaded","section":"Shading Mode"},"sceneLighting":false,"audioPlay":false,"sceneViewState":{"m_AlwaysRefresh":false,"showFog":true,"showSkybox":false,"showFlares":true,"showImageEffects":true,"showParticleSystems":true,"showVisualEffectGraphs":true,"m_FxEnabled":true},"in2DMode":false,"pivot":{"x":0.006923418026417494,"y":-0.08086684346199036,"z":-0.003340223804116249},"rotation":{"x":-0.03494350612163544,"y":0.7911231517791748,"z":-0.04538552090525627,"w":-0.6090233325958252},"size":0.17309735715389253,"orthographic":true}