{"cameraMode":{"drawMode":0,"name":"Shaded","section":"Shading Mode"},"sceneLighting":false,"audioPlay":false,"sceneViewState":{"m_AlwaysRefresh":false,"showFog":true,"showSkybox":false,"showFlares":true,"showImageEffects":true,"showParticleSystems":true,"showVisualEffectGraphs":true,"m_FxEnabled":true},"in2DMode":false,"pivot":{"x":19.825218200683595,"y":-3.9293856620788576,"z":28.84317398071289},"rotation":{"x":0.012585017830133438,"y":-0.9561519622802734,"z":-0.03661774843931198,"w":-0.2915200889110565},"size":10.522136688232422,"orthographic":false}