{"cameraMode":{"drawMode":0,"name":"Shaded","section":"Shading Mode"},"sceneLighting":false,"audioPlay":false,"sceneViewState":{"m_AlwaysRefresh":false,"showFog":true,"showSkybox":false,"showFlares":true,"showImageEffects":true,"showParticleSystems":true,"showVisualEffectGraphs":true,"m_FxEnabled":true},"in2DMode":false,"pivot":{"x":-90.59786224365235,"y":20.958904266357423,"z":185.82447814941407},"rotation":{"x":-0.008251138031482697,"y":0.6707726716995239,"z":-0.006996036507189274,"w":-0.7423858642578125},"size":98.62337493896485,"orthographic":false}