{"cameraMode":{"drawMode":0,"name":"Shaded","section":"Shading Mode"},"sceneLighting":false,"audioPlay":false,"sceneViewState":{"m_AlwaysRefresh":false,"showFog":true,"showSkybox":false,"showFlares":true,"showImageEffects":true,"showParticleSystems":true,"showVisualEffectGraphs":true,"m_FxEnabled":true},"in2DMode":false,"pivot":{"x":-0.014682574197649956,"y":-0.04929792881011963,"z":0.003158584237098694},"rotation":{"x":0.12520571053028108,"y":0.806147038936615,"z":-0.5483246445655823,"w":0.18400262296199799},"size":0.3271310329437256,"orthographic":true}