{"cameraMode":{"drawMode":0,"name":"Shaded","section":"Shading Mode"},"sceneLighting":false,"audioPlay":false,"sceneViewState":{"m_AlwaysRefresh":false,"showFog":true,"showSkybox":false,"showFlares":true,"showImageEffects":true,"showParticleSystems":true,"showVisualEffectGraphs":true,"m_FxEnabled":true},"in2DMode":false,"pivot":{"x":-0.014682574197649956,"y":-0.04929792881011963,"z":0.003158584237098694},"rotation":{"x":0.0019788742065429689,"y":0.5939903259277344,"z":-0.804509699344635,"w":0.0014162854058668018},"size":0.16903530061244965,"orthographic":true}