{"cameraMode":{"drawMode":0,"name":"Shaded","section":"Shading Mode"},"sceneLighting":false,"audioPlay":false,"sceneViewState":{"m_AlwaysRefresh":false,"showFog":true,"showSkybox":false,"showFlares":true,"showImageEffects":true,"showParticleSystems":true,"showVisualEffectGraphs":true,"m_FxEnabled":true},"in2DMode":false,"pivot":{"x":-0.0014873470645397902,"y":0.00195235013961792,"z":0.0010387077927589417},"rotation":{"x":0.0007195114158093929,"y":0.6705995202064514,"z":-0.7418625354766846,"w":0.0005955081433057785},"size":0.16903530061244965,"orthographic":true}